{
  "baseline": "evals/results/analysis.json",
  "candidate": "evals/results/adHocRuns/2026-04-22-branch-candidate/analysis.json",
  "skill_deltas": [
    {
      "skill_name": "datocms-cli",
      "baseline_reported_accuracy": 0.9629629629629629,
      "candidate_reported_accuracy": 0.8205128205128205,
      "delta_reported_accuracy": -0.14245014245014243,
      "baseline_recall": 1.0,
      "candidate_recall": 0.8148148148148148,
      "delta_recall": -0.18518518518518523,
      "baseline_precision": 0.9444444444444444,
      "candidate_precision": 0.9166666666666666,
      "delta_precision": -0.02777777777777779,
      "baseline_f1": 0.9714285714285714,
      "candidate_f1": 0.8627450980392156,
      "delta_f1": -0.1086834733893558,
      "baseline_fn": 0,
      "candidate_fn": 5,
      "delta_fn": 5,
      "baseline_fp": 1,
      "candidate_fp": 2,
      "delta_fp": 1
    },
    {
      "skill_name": "datocms-cma",
      "baseline_reported_accuracy": 1.0,
      "candidate_reported_accuracy": 0.9642857142857143,
      "delta_reported_accuracy": -0.0357142857142857,
      "baseline_recall": 1.0,
      "candidate_recall": 0.9444444444444444,
      "delta_recall": -0.05555555555555558,
      "baseline_precision": 1.0,
      "candidate_precision": 1.0,
      "delta_precision": 0.0,
      "baseline_f1": 1.0,
      "candidate_f1": 0.9714285714285714,
      "delta_f1": -0.02857142857142858,
      "baseline_fn": 0,
      "candidate_fn": 1,
      "delta_fn": 1,
      "baseline_fp": 0,
      "candidate_fp": 0,
      "delta_fp": 0
    },
    {
      "skill_name": "datocms-frontend-integrations",
      "baseline_reported_accuracy": 0.9130434782608695,
      "candidate_reported_accuracy": 1.0,
      "delta_reported_accuracy": 0.08695652173913049,
      "baseline_recall": 0.8571428571428571,
      "candidate_recall": 1.0,
      "delta_recall": 0.1428571428571429,
      "baseline_precision": 1.0,
      "candidate_precision": 1.0,
      "delta_precision": 0.0,
      "baseline_f1": 0.923076923076923,
      "candidate_f1": 1.0,
      "delta_f1": 0.07692307692307698,
      "baseline_fn": 2,
      "candidate_fn": 0,
      "delta_fn": -2,
      "baseline_fp": 0,
      "candidate_fp": 0,
      "delta_fp": 0
    },
    {
      "skill_name": "datocms-setup",
      "baseline_reported_accuracy": 0.9322033898305084,
      "candidate_reported_accuracy": 0.9830508474576272,
      "delta_reported_accuracy": 0.05084745762711873,
      "baseline_recall": 1.0,
      "candidate_recall": 0.975609756097561,
      "delta_recall": -0.024390243902439046,
      "baseline_precision": 0.9111111111111111,
      "candidate_precision": 1.0,
      "delta_precision": 0.0888888888888889,
      "baseline_f1": 0.9534883720930233,
      "candidate_f1": 0.9876543209876543,
      "delta_f1": 0.03416594889463098,
      "baseline_fn": 0,
      "candidate_fn": 1,
      "delta_fn": 1,
      "baseline_fp": 4,
      "candidate_fp": 0,
      "delta_fp": -4
    }
  ],
  "query_mode_deltas": [
    {
      "query_mode": "implicit",
      "baseline_total": 107,
      "candidate_total": 81,
      "delta_total": -26,
      "baseline_reported_accuracy": 0.9906542056074766,
      "candidate_reported_accuracy": 0.9506172839506173,
      "delta_reported_accuracy": -0.04003692165685935,
      "baseline_recall": 1.0,
      "candidate_recall": 0.925,
      "delta_recall": -0.07499999999999996,
      "baseline_precision": 0.9791666666666666,
      "candidate_precision": 0.9736842105263158,
      "delta_precision": -0.005482456140350811,
      "baseline_f1": 0.9894736842105264,
      "candidate_f1": 0.9487179487179489,
      "delta_f1": -0.040755735492577494
    },
    {
      "query_mode": "explicit",
      "baseline_total": 62,
      "candidate_total": 51,
      "delta_total": -11,
      "baseline_reported_accuracy": 0.9193548387096774,
      "candidate_reported_accuracy": 0.9607843137254902,
      "delta_reported_accuracy": 0.041429475015812844,
      "baseline_recall": 1.0,
      "candidate_recall": 0.9767441860465116,
      "delta_recall": -0.023255813953488413,
      "baseline_precision": 0.9090909090909091,
      "candidate_precision": 0.9767441860465116,
      "delta_precision": 0.06765327695560253,
      "baseline_f1": 0.9523809523809523,
      "candidate_f1": 0.9767441860465116,
      "delta_f1": 0.02436323366555926
    },
    {
      "query_mode": "overlap",
      "baseline_total": 23,
      "candidate_total": 17,
      "delta_total": -6,
      "baseline_reported_accuracy": 0.8695652173913043,
      "candidate_reported_accuracy": 0.8235294117647058,
      "delta_reported_accuracy": -0.04603580562659848,
      "baseline_recall": 0.9047619047619048,
      "candidate_recall": 0.8235294117647058,
      "delta_recall": -0.08123249299719892,
      "baseline_precision": 0.95,
      "candidate_precision": 1.0,
      "delta_precision": 0.050000000000000044,
      "baseline_f1": 0.9268292682926829,
      "candidate_f1": 0.9032258064516129,
      "delta_f1": -0.023603461841069984
    }
  ],
  "query_improvements": [
    {
      "skill_name": "datocms-frontend-integrations",
      "query": "I need to set up draft mode for my Next.js App Router site with DatoCMS. I want enable/disable route handlers, a dual-token executeQuery wrapper, and the cookie-based draft detection. Can you generate all the files?",
      "query_mode": "overlap",
      "baseline_trigger_rate": 0.0,
      "candidate_trigger_rate": 1.0,
      "delta_trigger_rate": 1.0,
      "baseline_pass": false,
      "candidate_pass": true,
      "should_trigger": true
    },
    {
      "skill_name": "datocms-frontend-integrations",
      "query": "I'm building a Nuxt 3 site with DatoCMS and I need to set up the Web Previews plugin integration. Editors should be able to click 'Open preview' in the CMS and see the draft page. I need the preview-links API endpoint.",
      "query_mode": "overlap",
      "baseline_trigger_rate": 0.0,
      "candidate_trigger_rate": 1.0,
      "delta_trigger_rate": 1.0,
      "baseline_pass": false,
      "candidate_pass": true,
      "should_trigger": true
    },
    {
      "skill_name": "datocms-setup",
      "query": "Use datocms-setup to build the React site-search UI against the existing public search endpoint and current indexes only.",
      "query_mode": "explicit",
      "baseline_trigger_rate": 1.0,
      "candidate_trigger_rate": 0.0,
      "delta_trigger_rate": -1.0,
      "baseline_pass": false,
      "candidate_pass": true,
      "should_trigger": false
    },
    {
      "skill_name": "datocms-setup",
      "query": "Use datocms-setup to patch my existing preview-links route handler only and keep the rest of the setup untouched.",
      "query_mode": "explicit",
      "baseline_trigger_rate": 1.0,
      "candidate_trigger_rate": 0.0,
      "delta_trigger_rate": -1.0,
      "baseline_pass": false,
      "candidate_pass": true,
      "should_trigger": false
    },
    {
      "skill_name": "datocms-setup",
      "query": "Use datocms-setup to patch one missing ContentLink boundary in the existing Structured Text renderer and leave the rest of the visual editing setup untouched.",
      "query_mode": "explicit",
      "baseline_trigger_rate": 1.0,
      "candidate_trigger_rate": 0.0,
      "delta_trigger_rate": -1.0,
      "baseline_pass": false,
      "candidate_pass": true,
      "should_trigger": false
    },
    {
      "skill_name": "datocms-setup",
      "query": "Use datocms-setup to wire a ContentLink component into my existing Next.js page and patch the current renderer only.",
      "query_mode": "explicit",
      "baseline_trigger_rate": 1.0,
      "candidate_trigger_rate": 0.0,
      "delta_trigger_rate": -1.0,
      "baseline_pass": false,
      "candidate_pass": true,
      "should_trigger": false
    }
  ],
  "query_regressions": [
    {
      "skill_name": "datocms-setup",