{
  "baseline": "evals/results/analysis.json",
  "candidate": "evals/results/adHocRuns/2026-04-22-cma-retune/analysis.json",
  "skill_deltas": [
    {
      "skill_name": "datocms-cli",
      "baseline_reported_accuracy": 0.9629629629629629,
      "candidate_reported_accuracy": 0.8461538461538461,
      "delta_reported_accuracy": -0.11680911680911676,
      "baseline_recall": 1.0,
      "candidate_recall": 0.8148148148148148,
      "delta_recall": -0.18518518518518523,
      "baseline_precision": 0.9444444444444444,
      "candidate_precision": 0.9565217391304348,
      "delta_precision": 0.012077294685990392,
      "baseline_f1": 0.9714285714285714,
      "candidate_f1": 0.8800000000000001,
      "delta_f1": -0.0914285714285713,
      "baseline_fn": 0,
      "candidate_fn": 5,
      "delta_fn": 5,
      "baseline_fp": 1,
      "candidate_fp": 1,
      "delta_fp": 0
    },
    {
      "skill_name": "datocms-cma",
      "baseline_reported_accuracy": 1.0,
      "candidate_reported_accuracy": 0.9642857142857143,
      "delta_reported_accuracy": -0.0357142857142857,
      "baseline_recall": 1.0,
      "candidate_recall": 0.9444444444444444,
      "delta_recall": -0.05555555555555558,
      "baseline_precision": 1.0,
      "candidate_precision": 1.0,
      "delta_precision": 0.0,
      "baseline_f1": 1.0,
      "candidate_f1": 0.9714285714285714,
      "delta_f1": -0.02857142857142858,
      "baseline_fn": 0,
      "candidate_fn": 1,
      "delta_fn": 1,
      "baseline_fp": 0,
      "candidate_fp": 0,
      "delta_fp": 0
    }
  ],
  "query_mode_deltas": [
    {
      "query_mode": "implicit",
      "baseline_total": 107,
      "candidate_total": 53,
      "delta_total": -54,
      "baseline_reported_accuracy": 0.9906542056074766,
      "candidate_reported_accuracy": 0.9433962264150944,
      "delta_reported_accuracy": -0.04725797919238228,
      "baseline_recall": 1.0,
      "candidate_recall": 0.9090909090909091,
      "delta_recall": -0.09090909090909094,
      "baseline_precision": 0.9791666666666666,
      "candidate_precision": 1.0,
      "delta_precision": 0.02083333333333337,
      "baseline_f1": 0.9894736842105264,
      "candidate_f1": 0.9523809523809523,
      "delta_f1": -0.037092731829574066
    },
    {
      "query_mode": "explicit",
      "baseline_total": 62,
      "candidate_total": 7,
      "delta_total": -55,
      "baseline_reported_accuracy": 0.9193548387096774,
      "candidate_reported_accuracy": 0.8571428571428571,
      "delta_reported_accuracy": -0.062211981566820285,
      "baseline_recall": 1.0,
      "candidate_recall": 1.0,
      "delta_recall": 0.0,
      "baseline_precision": 0.9090909090909091,
      "candidate_precision": 0.8333333333333334,
      "delta_precision": -0.07575757575757569,
      "baseline_f1": 0.9523809523809523,
      "candidate_f1": 0.9090909090909091,
      "delta_f1": -0.04329004329004327
    },
    {
      "query_mode": "overlap",
      "baseline_total": 23,
      "candidate_total": 7,
      "delta_total": -16,
      "baseline_reported_accuracy": 0.8695652173913043,
      "candidate_reported_accuracy": 0.5714285714285714,
      "delta_reported_accuracy": -0.2981366459627329,
      "baseline_recall": 0.9047619047619048,
      "candidate_recall": 0.5714285714285714,
      "delta_recall": -0.33333333333333337,
      "baseline_precision": 0.95,
      "candidate_precision": 1.0,
      "delta_precision": 0.050000000000000044,
      "baseline_f1": 0.9268292682926829,
      "candidate_f1": 0.7272727272727273,
      "delta_f1": -0.19955654101995557
    }
  ],
  "query_improvements": [],
  "query_regressions": []
}
